{"stats":{"minecraft:mined":{"minecraft:large_fern":1,"minecraft:brown_mushroom":2,"minecraft:oak_door":1,"farmersdelight:wild_carrots":9,"minecraft:spruce_log":22,"minecraft:oak_fence":4,"minecraft:grass":5,"minecraft:grass_block":8,"minecraft:poppy":1,"minecraft:dirt_path":2,"minecraft:oxeye_daisy":1,"minecraft:fern":1},"minecraft:used":{"minecraft:bread":2,"minecraft:oak_planks":1,"minecraft:stone_axe":27,"minecraft:dirt":1},"minecraft:picked_up":{"minecraft:oak_door":2,"minecraft:salmon":9,"minecraft:oak_fence":12,"minecraft:brown_mushroom":2,"camera:camera":3,"minecraft:carrot":8,"minecraft:spruce_log":20,"minecraft:gunpowder":2,"minecraft:dirt":74,"minecraft:paper":121,"minecraft:stone_axe":1,"minecraft:wheat_seeds":6,"minecraft:poppy":3,"minecraft:bread":192,"camera:image":11,"minecraft:pink_dye":1,"minecraft:oak_planks":184,"minecraft:snowball":64,"minecraft:oxeye_daisy":3},"minecraft:killed_by":{"minecraft:creeper":1},"minecraft:custom":{"minecraft:time_since_rest":70136,"minecraft:sprint_one_cm":1486,"minecraft:damage_taken":850,"minecraft:walk_one_cm":773012,"minecraft:damage_dealt":110,"minecraft:fly_one_cm":1444,"minecraft:play_time":105981,"minecraft:deaths":2,"minecraft:sneak_time":16,"minecraft:walk_under_water_one_cm":1350,"minecraft:jump":931,"minecraft:leave_game":1,"minecraft:walk_on_water_one_cm":1234,"minecraft:time_since_death":70078,"minecraft:sleep_in_bed":1,"minecraft:total_world_time":105981,"minecraft:climb_one_cm":1396,"minecraft:fall_one_cm":30040,"minecraft:horse_one_cm":192497}},"DataVersion":3465}