{"stats":{"minecraft:mined":{"minecraft:grass_block":8,"minecraft:poppy":1,"minecraft:dirt_path":2,"minecraft:oak_door":1,"minecraft:oxeye_daisy":1,"minecraft:oak_fence":4},"minecraft:used":{"minecraft:oak_planks":1},"minecraft:picked_up":{"minecraft:oak_door":1,"minecraft:oak_fence":4,"minecraft:wheat_seeds":2,"camera:camera":1,"minecraft:bread":64,"minecraft:poppy":1,"camera:image":2,"minecraft:oak_planks":62,"minecraft:dirt":10,"minecraft:paper":62,"minecraft:oxeye_daisy":1},"minecraft:custom":{"minecraft:time_since_rest":12223,"minecraft:play_time":21458,"minecraft:sprint_one_cm":15,"minecraft:damage_taken":90,"minecraft:walk_one_cm":203302,"minecraft:jump":338,"minecraft:time_since_death":21458,"minecraft:walk_on_water_one_cm":80,"minecraft:sleep_in_bed":1,"minecraft:total_world_time":21458,"minecraft:fall_one_cm":13787,"minecraft:fly_one_cm":633}},"DataVersion":3465}