{"stats":{"minecraft:mined":{"minecraft:grass_block":8,"minecraft:poppy":1,"minecraft:dirt_path":2,"minecraft:oak_door":1,"minecraft:oxeye_daisy":1,"minecraft:oak_fence":4},"minecraft:used":{"minecraft:oak_planks":1},"minecraft:picked_up":{"minecraft:oak_door":2,"minecraft:oak_fence":8,"minecraft:wheat_seeds":4,"camera:camera":2,"minecraft:bread":128,"minecraft:poppy":2,"minecraft:gunpowder":1,"camera:image":7,"minecraft:snowball":32,"minecraft:oak_planks":123,"minecraft:dirt":42,"minecraft:paper":121,"minecraft:oxeye_daisy":2},"minecraft:killed_by":{"minecraft:creeper":1},"minecraft:custom":{"minecraft:time_since_rest":6071,"minecraft:deaths":1,"minecraft:play_time":33458,"minecraft:sprint_one_cm":15,"minecraft:damage_taken":420,"minecraft:walk_one_cm":270217,"minecraft:walk_under_water_one_cm":782,"minecraft:jump":405,"minecraft:time_since_death":6016,"minecraft:walk_on_water_one_cm":256,"minecraft:sleep_in_bed":1,"minecraft:climb_one_cm":1396,"minecraft:total_world_time":33458,"minecraft:horse_one_cm":179602,"minecraft:fall_one_cm":15517,"minecraft:fly_one_cm":633}},"DataVersion":3465}