{"stats":{"minecraft:mined":{"minecraft:grass_block":8,"minecraft:poppy":1,"minecraft:brown_mushroom":2,"minecraft:dirt_path":2,"minecraft:oak_door":1,"minecraft:spruce_log":6,"minecraft:oxeye_daisy":1,"minecraft:oak_fence":4},"minecraft:used":{"minecraft:stone_axe":7,"minecraft:dirt":1,"minecraft:oak_planks":1},"minecraft:picked_up":{"minecraft:oak_door":2,"minecraft:stone_axe":1,"minecraft:oak_fence":12,"minecraft:brown_mushroom":2,"minecraft:wheat_seeds":6,"camera:camera":3,"minecraft:bread":192,"minecraft:poppy":3,"minecraft:spruce_log":4,"minecraft:gunpowder":2,"camera:image":11,"minecraft:snowball":64,"minecraft:oak_planks":184,"minecraft:dirt":74,"minecraft:paper":121,"minecraft:oxeye_daisy":3},"minecraft:killed_by":{"minecraft:creeper":1},"minecraft:custom":{"minecraft:time_since_rest":9613,"minecraft:deaths":2,"minecraft:play_time":45458,"minecraft:sprint_one_cm":15,"minecraft:damage_taken":680,"minecraft:walk_one_cm":392333,"minecraft:walk_under_water_one_cm":782,"minecraft:jump":601,"minecraft:time_since_death":9555,"minecraft:walk_on_water_one_cm":502,"minecraft:sleep_in_bed":1,"minecraft:climb_one_cm":1396,"minecraft:total_world_time":45458,"minecraft:horse_one_cm":192497,"minecraft:fall_one_cm":19732,"minecraft:fly_one_cm":744}},"DataVersion":3465}