{"stats":{"minecraft:mined":{"minecraft:large_fern":1,"minecraft:grass_block":8,"minecraft:poppy":1,"minecraft:brown_mushroom":2,"minecraft:dirt_path":2,"minecraft:oak_door":1,"minecraft:spruce_log":22,"minecraft:fern":1,"minecraft:oxeye_daisy":1,"minecraft:oak_fence":4},"minecraft:used":{"minecraft:stone_axe":27,"minecraft:dirt":1,"minecraft:bread":1,"minecraft:oak_planks":1},"minecraft:picked_up":{"minecraft:oak_door":2,"minecraft:stone_axe":1,"minecraft:oak_fence":12,"minecraft:brown_mushroom":2,"minecraft:wheat_seeds":6,"camera:camera":3,"minecraft:bread":192,"minecraft:poppy":3,"minecraft:spruce_log":20,"minecraft:gunpowder":2,"camera:image":11,"minecraft:snowball":64,"minecraft:oak_planks":184,"minecraft:dirt":74,"minecraft:paper":121,"minecraft:oxeye_daisy":3},"minecraft:killed_by":{"minecraft:creeper":1},"minecraft:custom":{"minecraft:time_since_rest":21613,"minecraft:deaths":2,"minecraft:play_time":57458,"minecraft:sprint_one_cm":15,"minecraft:damage_taken":840,"minecraft:walk_one_cm":497731,"minecraft:walk_under_water_one_cm":1350,"minecraft:jump":783,"minecraft:damage_dealt":110,"minecraft:time_since_death":21555,"minecraft:walk_on_water_one_cm":1234,"minecraft:sleep_in_bed":1,"minecraft:climb_one_cm":1396,"minecraft:total_world_time":57458,"minecraft:horse_one_cm":192497,"minecraft:fall_one_cm":27532,"minecraft:fly_one_cm":1064}},"DataVersion":3465}