{"stats":{"minecraft:mined":{"minecraft:hay_block":51,"minecraft:furnace":1,"minecraft:dandelion":1,"minecraft:crafting_table":1,"minecraft:brewing_stand":1,"minecraft:yellow_bed":6,"minecraft:grass":14,"minecraft:coal_ore":10,"minecraft:oak_log":4,"minecraft:potatoes":1,"minecraft:oak_stairs":1,"minecraft:tall_grass":4,"minecraft:stone":37},"minecraft:crafted":{"minecraft:cooked_beef":6,"minecraft:oak_planks":128,"minecraft:crafting_table":1,"minecraft:stick":20,"minecraft:wooden_pickaxe":1,"minecraft:stone_pickaxe":1,"minecraft:wooden_axe":1,"minecraft:stone_sword":1,"minecraft:furnace":1,"minecraft:stone_hoe":1,"minecraft:stone_axe":1,"minecraft:air":0,"minecraft:bread":153,"minecraft:wheat":459},"minecraft:used":{"minecraft:wooden_axe":2,"minecraft:water_bucket":1,"minecraft:stone_sword":3,"minecraft:bread":2,"minecraft:stone_pickaxe":34,"crittersandcompanions:ferret_spawn_egg":1,"minecraft:oak_planks":12,"minecraft:wooden_pickaxe":17,"minecraft:stone_hoe":61,"minecraft:stone_axe":3,"minecraft:crafting_table":1,"minecraft:furnace":1,"minecraft:bucket":1,"minecraft:yellow_bed":4,"minecraft:potato":1},"minecraft:picked_up":{"minecraft:crafting_table":1,"minecraft:leather":3,"minecraft:dandelion":1,"minecraft:oak_stairs":1,"minecraft:potato":4,"minecraft:porkchop":1,"minecraft:oak_log":4,"minecraft:brewing_stand":1,"minecraft:yellow_bed":6,"minecraft:wheat_seeds":3,"minecraft:hay_block":51,"minecraft:beef":6,"minecraft:coal":19,"minecraft:mutton":2,"minecraft:oak_planks":64,"minecraft:cobblestone":37,"minecraft:white_wool":1,"minecraft:furnace":1},"minecraft:dropped":{"minecraft:bread":64,"camera:camera":1,"camera:image":2,"minecraft:oak_planks":126,"minecraft:paper":62},"minecraft:custom":{"minecraft:time_since_rest":12223,"minecraft:interact_with_furnace":4,"minecraft:sprint_one_cm":67721,"minecraft:damage_taken":80,"minecraft:walk_one_cm":26190,"minecraft:mob_kills":5,"minecraft:drop":7,"minecraft:damage_dealt":519,"minecraft:talked_to_villager":2,"minecraft:interact_with_crafting_table":11,"minecraft:fly_one_cm":136354,"minecraft:open_chest":3,"minecraft:crouch_one_cm":4764,"minecraft:play_time":23623,"minecraft:sneak_time":1681,"minecraft:jump":586,"minecraft:walk_on_water_one_cm":68,"minecraft:time_since_death":23623,"minecraft:sleep_in_bed":3,"minecraft:total_world_time":23623,"minecraft:fall_one_cm":22956},"minecraft:killed":{"minecraft:sheep":1,"minecraft:pig":1,"minecraft:cow":3}},"DataVersion":3465}