{"stats":{"minecraft:mined":{"minecraft:smoker":1,"minecraft:dandelion":1,"minecraft:brewing_stand":2,"minecraft:crafting_table":1,"minecraft:torch":2,"minecraft:blast_furnace":1,"minecraft:spruce_fence":1,"minecraft:tall_grass":4,"minecraft:sugar_cane":6,"minecraft:wall_torch":4,"minecraft:hay_block":51,"minecraft:furnace":1,"minecraft:yellow_bed":6,"minecraft:grass":15,"minecraft:potatoes":1,"minecraft:oak_log":4,"minecraft:coal_ore":10,"minecraft:oak_stairs":1,"minecraft:lantern":1,"minecraft:stone":37},"minecraft:crafted":{"minecraft:cooked_beef":6,"minecraft:oak_planks":128,"minecraft:crafting_table":1,"minecraft:wooden_pickaxe":1,"minecraft:furnace":1,"minecraft:stone_axe":1,"minecraft:bread":153,"minecraft:air":0,"minecraft:stick":20,"minecraft:stone_pickaxe":1,"minecraft:wooden_axe":1,"minecraft:stone_sword":1,"minecraft:stone_hoe":1,"minecraft:wheat":459},"minecraft:used":{"minecraft:water_bucket":2,"minecraft:stone_sword":43,"crittersandcompanions:ferret_spawn_egg":1,"minecraft:stone_pickaxe":38,"minecraft:oak_planks":12,"minecraft:wooden_pickaxe":17,"minecraft:horse_spawn_egg":3,"minecraft:stone_hoe":61,"minecraft:torch":4,"minecraft:crafting_table":1,"minecraft:wooden_axe":2,"minecraft:bread":4,"minecraft:stone_axe":4,"minecraft:furnace":1,"minecraft:bucket":2,"minecraft:yellow_bed":4,"minecraft:cooked_beef":6,"minecraft:potato":1},"minecraft:picked_up":{"minecraft:crafting_table":1,"minecraft:leather":3,"minecraft:smoker":1,"minecraft:potato":4,"minecraft:oak_stairs":1,"minecraft:oak_log":4,"minecraft:brewing_stand":2,"minecraft:yellow_bed":6,"minecraft:lantern":1,"minecraft:string":4,"minecraft:bone":2,"minecraft:wheat_seeds":3,"minecraft:beef":6,"camera:image":2,"minecraft:sugar_cane":6,"minecraft:oak_planks":64,"minecraft:furnace":1,"minecraft:tipped_arrow":1,"minecraft:torch":6,"minecraft:dandelion":1,"minecraft:spruce_fence":1,"minecraft:porkchop":1,"minecraft:blast_furnace":1,"minecraft:spider_eye":1,"minecraft:rotten_flesh":1,"minecraft:hay_block":51,"minecraft:horse_spawn_egg":1,"minecraft:mutton":2,"minecraft:coal":19,"minecraft:white_wool":1,"minecraft:cobblestone":37},"minecraft:dropped":{"minecraft:bread":64,"camera:image":4,"minecraft:oak_planks":126,"camera:camera":1,"minecraft:spider_eye":1,"minecraft:horse_spawn_egg":3,"minecraft:paper":62,"minecraft:bone":2},"minecraft:custom":{"minecraft:interact_with_furnace":5,"minecraft:mob_kills":14,"minecraft:interact_with_crafting_table":11,"minecraft:time_since_death":35623,"minecraft:sleep_in_bed":3,"minecraft:climb_one_cm":260,"minecraft:time_since_rest":24223,"minecraft:sprint_one_cm":104875,"minecraft:damage_taken":885,"minecraft:walk_one_cm":42903,"minecraft:drop":15,"minecraft:damage_dealt":2168,"minecraft:swim_one_cm":626,"minecraft:talked_to_villager":2,"minecraft:fly_one_cm":238185,"minecraft:open_chest":3,"minecraft:crouch_one_cm":4779,"minecraft:play_time":35623,"minecraft:sneak_time":1688,"minecraft:walk_under_water_one_cm":32,"minecraft:jump":969,"minecraft:walk_on_water_one_cm":1972,"minecraft:total_world_time":35623,"minecraft:fall_one_cm":32312,"minecraft:horse_one_cm":67762},"minecraft:killed":{"minecraft:pig":1,"minecraft:zombie_villager":1,"minecraft:spider":3,"minecraft:creeper":1,"minecraft:sheep":1,"minecraft:skeleton":1,"minecraft:zombie":1,"minecraft:stray":1,"minecraft:cow":3}},"DataVersion":3465}