{"stats":{"minecraft:mined":{"minecraft:smoker":1,"minecraft:dandelion":1,"minecraft:brewing_stand":2,"minecraft:crafting_table":1,"minecraft:torch":2,"minecraft:granite":1,"minecraft:blast_furnace":1,"minecraft:grass_block":1,"minecraft:spruce_fence":1,"minecraft:tall_grass":4,"minecraft:cobblestone":1,"minecraft:spruce_leaves":7,"minecraft:sugar_cane":6,"minecraft:wall_torch":4,"minecraft:hay_block":51,"minecraft:purple_bed":1,"minecraft:furnace":1,"minecraft:spruce_log":6,"minecraft:yellow_bed":6,"sophisticatedbackpacks:netherite_backpack":1,"minecraft:grass":16,"minecraft:potatoes":1,"minecraft:oak_log":4,"minecraft:coal_ore":10,"minecraft:oak_stairs":1,"minecraft:lantern":7,"minecraft:stone":43},"minecraft:crafted":{"minecraft:cooked_beef":6,"minecraft:oak_planks":128,"minecraft:crafting_table":1,"minecraft:wooden_pickaxe":1,"minecraft:furnace":1,"minecraft:stone_axe":1,"minecraft:bread":153,"minecraft:air":0,"minecraft:stick":20,"minecraft:stone_pickaxe":1,"minecraft:wooden_axe":1,"minecraft:stone_sword":1,"minecraft:stone_hoe":1,"minecraft:wheat":459},"minecraft:used":{"minecraft:dark_oak_stairs":1,"minecraft:water_bucket":4,"minecraft:cherry_wood":2,"minecraft:stone_sword":57,"minecraft:stripped_birch_log":2,"crittersandcompanions:ferret_spawn_egg":1,"minecraft:stone_pickaxe":53,"minecraft:mangrove_planks":4,"minecraft:oak_planks":12,"minecraft:spruce_planks":2,"minecraft:cherry_planks":192,"minecraft:wooden_pickaxe":17,"minecraft:stripped_birch_wood":86,"minecraft:horse_spawn_egg":3,"minecraft:stone_hoe":61,"minecraft:torch":4,"minecraft:crafting_table":1,"minecraft:spruce_stairs":1,"sophisticatedbackpacks:netherite_backpack":1,"minecraft:glass":42,"minecraft:wooden_axe":2,"minecraft:acacia_stairs":1,"minecraft:mangrove_log":2,"minecraft:birch_slab":16,"minecraft:cherry_door":1,"minecraft:mangrove_stairs":1,"minecraft:oak_stairs":4,"minecraft:grass_block":2,"minecraft:lantern":3,"minecraft:bread":17,"minecraft:jungle_stairs":1,"minecraft:stone_bricks":2,"minecraft:stripped_mangrove_log":1,"minecraft:stone_axe":11,"minecraft:cobblestone":13,"minecraft:cherry_stairs":1,"minecraft:furnace":1,"minecraft:bucket":4,"minecraft:yellow_bed":4,"minecraft:stripped_cherry_log":24,"minecraft:cooked_beef":6,"minecraft:potato":1,"minecraft:birch_stairs":26,"minecraft:cherry_log":42},"minecraft:picked_up":{"minecraft:crafting_table":1,"minecraft:leather":3,"minecraft:smoker":1,"minecraft:potato":4,"minecraft:oak_stairs":1,"minecraft:oak_log":4,"minecraft:brewing_stand":2,"minecraft:yellow_bed":6,"minecraft:dirt":1,"minecraft:lantern":7,"minecraft:string":6,"minecraft:bone":2,"minecraft:wheat_seeds":5,"minecraft:beef":6,"camera:image":2,"sophisticatedbackpacks:netherite_backpack":1,"minecraft:sugar_cane":6,"minecraft:oak_planks":64,"minecraft:furnace":1,"minecraft:tipped_arrow":1,"minecraft:stick":2,"minecraft:torch":6,"minecraft:dandelion":1,"minecraft:spruce_fence":1,"minecraft:porkchop":1,"minecraft:spruce_sapling":1,"minecraft:blast_furnace":1,"minecraft:spruce_log":7,"minecraft:spider_eye":1,"minecraft:purple_bed":1,"minecraft:rotten_flesh":2,"minecraft:hay_block":51,"minecraft:granite":1,"minecraft:horse_spawn_egg":1,"minecraft:mutton":2,"minecraft:coal":19,"minecraft:white_wool":1,"minecraft:cobblestone":49},"minecraft:dropped":{"minecraft:bread":64,"minecraft:stone_axe":1,"camera:image":4,"minecraft:oak_planks":126,"minecraft:stick":2,"minecraft:tipped_arrow":1,"minecraft:yellow_bed":1,"camera:camera":1,"minecraft:spider_eye":1,"minecraft:horse_spawn_egg":3,"minecraft:paper":62,"minecraft:spruce_sapling":1,"minecraft:bone":2},"minecraft:custom":{"minecraft:interact_with_furnace":5,"minecraft:mob_kills":17,"minecraft:interact_with_crafting_table":11,"minecraft:interact_with_campfire":1,"minecraft:time_since_death":71623,"minecraft:sleep_in_bed":3,"minecraft:climb_one_cm":260,"minecraft:time_since_rest":60223,"minecraft:sprint_one_cm":205562,"minecraft:damage_taken":1280,"minecraft:walk_one_cm":87350,"minecraft:drop":21,"minecraft:damage_dealt":2729,"minecraft:swim_one_cm":3465,"minecraft:talked_to_villager":2,"minecraft:fly_one_cm":669668,"minecraft:open_chest":3,"minecraft:crouch_one_cm":9394,"minecraft:play_time":71623,"minecraft:sneak_time":3684,"minecraft:walk_under_water_one_cm":82,"minecraft:jump":1823,"minecraft:walk_on_water_one_cm":4744,"minecraft:total_world_time":71623,"minecraft:fall_one_cm":54770,"minecraft:horse_one_cm":92885},"minecraft:killed":{"minecraft:pig":1,"minecraft:zombie_villager":1,"minecraft:spider":4,"minecraft:creeper":1,"minecraft:sheep":1,"minecraft:skeleton":1,"minecraft:zombie":3,"minecraft:stray":1,"minecraft:cow":3}},"DataVersion":3465}