{"stats":{"minecraft:mined":{"minecraft:hay_block":6,"minecraft:grass":6,"minecraft:oak_log":3,"minecraft:tall_grass":4},"minecraft:picked_up":{"minecraft:leather":1,"minecraft:wheat_seeds":1,"minecraft:hay_block":6,"minecraft:beef":4,"minecraft:oak_log":3},"minecraft:dropped":{"camera:image":1},"minecraft:custom":{"minecraft:time_since_rest":5623,"minecraft:crouch_one_cm":97,"minecraft:play_time":5623,"minecraft:sprint_one_cm":13162,"minecraft:walk_one_cm":5125,"minecraft:sneak_time":92,"minecraft:mob_kills":2,"minecraft:drop":1,"minecraft:jump":144,"minecraft:damage_dealt":200,"minecraft:time_since_death":5623,"minecraft:total_world_time":5623,"minecraft:fall_one_cm":5190,"minecraft:fly_one_cm":28550},"minecraft:killed":{"minecraft:cow":2}},"DataVersion":3465}