{"stats":{"minecraft:mined":{"minecraft:smoker":1,"minecraft:dandelion":1,"minecraft:brewing_stand":2,"minecraft:crafting_table":1,"minecraft:torch":2,"minecraft:granite":1,"minecraft:blast_furnace":1,"minecraft:grass_block":1,"minecraft:spruce_fence":1,"minecraft:tall_grass":4,"minecraft:cobblestone":1,"minecraft:spruce_leaves":7,"minecraft:sugar_cane":6,"minecraft:wall_torch":4,"minecraft:hay_block":51,"minecraft:furnace":1,"minecraft:spruce_log":6,"minecraft:yellow_bed":6,"minecraft:grass":15,"minecraft:potatoes":1,"minecraft:oak_log":4,"minecraft:coal_ore":10,"minecraft:oak_stairs":1,"minecraft:lantern":6,"minecraft:stone":43},"minecraft:crafted":{"minecraft:cooked_beef":6,"minecraft:oak_planks":128,"minecraft:crafting_table":1,"minecraft:wooden_pickaxe":1,"minecraft:furnace":1,"minecraft:stone_axe":1,"minecraft:bread":153,"minecraft:air":0,"minecraft:stick":20,"minecraft:stone_pickaxe":1,"minecraft:wooden_axe":1,"minecraft:stone_sword":1,"minecraft:stone_hoe":1,"minecraft:wheat":459},"minecraft:used":{"minecraft:water_bucket":4,"minecraft:stone_sword":51,"crittersandcompanions:ferret_spawn_egg":1,"minecraft:stone_pickaxe":52,"minecraft:oak_planks":12,"minecraft:wooden_pickaxe":17,"minecraft:horse_spawn_egg":3,"minecraft:stone_hoe":61,"minecraft:torch":4,"minecraft:crafting_table":1,"minecraft:wooden_axe":2,"minecraft:lantern":2,"minecraft:bread":13,"minecraft:stone_axe":11,"minecraft:cobblestone":13,"minecraft:furnace":1,"minecraft:bucket":4,"minecraft:yellow_bed":4,"minecraft:cooked_beef":6,"minecraft:potato":1},"minecraft:picked_up":{"minecraft:crafting_table":1,"minecraft:leather":3,"minecraft:smoker":1,"minecraft:potato":4,"minecraft:oak_stairs":1,"minecraft:oak_log":4,"minecraft:brewing_stand":2,"minecraft:yellow_bed":6,"minecraft:dirt":1,"minecraft:lantern":6,"minecraft:string":6,"minecraft:bone":2,"minecraft:wheat_seeds":3,"minecraft:beef":6,"camera:image":2,"minecraft:sugar_cane":6,"minecraft:oak_planks":64,"minecraft:furnace":1,"minecraft:tipped_arrow":1,"minecraft:stick":2,"minecraft:torch":6,"minecraft:dandelion":1,"minecraft:spruce_fence":1,"minecraft:porkchop":1,"minecraft:spruce_sapling":1,"minecraft:blast_furnace":1,"minecraft:spruce_log":7,"minecraft:spider_eye":1,"minecraft:rotten_flesh":1,"minecraft:hay_block":51,"minecraft:granite":1,"minecraft:horse_spawn_egg":1,"minecraft:mutton":2,"minecraft:coal":19,"minecraft:white_wool":1,"minecraft:cobblestone":49},"minecraft:dropped":{"minecraft:bread":64,"minecraft:stone_axe":1,"camera:image":4,"minecraft:oak_planks":126,"minecraft:tipped_arrow":1,"camera:camera":1,"minecraft:spider_eye":1,"minecraft:horse_spawn_egg":3,"minecraft:paper":62,"minecraft:spruce_sapling":1,"minecraft:bone":2},"minecraft:custom":{"minecraft:interact_with_furnace":5,"minecraft:mob_kills":16,"minecraft:interact_with_crafting_table":11,"minecraft:time_since_death":47623,"minecraft:sleep_in_bed":3,"minecraft:climb_one_cm":260,"minecraft:time_since_rest":36223,"minecraft:sprint_one_cm":153890,"minecraft:damage_taken":1030,"minecraft:walk_one_cm":57565,"minecraft:drop":18,"minecraft:damage_dealt":2429,"minecraft:swim_one_cm":3465,"minecraft:talked_to_villager":2,"minecraft:fly_one_cm":331266,"minecraft:open_chest":3,"minecraft:crouch_one_cm":5730,"minecraft:play_time":47623,"minecraft:sneak_time":1964,"minecraft:walk_under_water_one_cm":82,"minecraft:jump":1394,"minecraft:walk_on_water_one_cm":4744,"minecraft:total_world_time":47623,"minecraft:fall_one_cm":43079,"minecraft:horse_one_cm":92885},"minecraft:killed":{"minecraft:pig":1,"minecraft:zombie_villager":1,"minecraft:spider":4,"minecraft:creeper":1,"minecraft:sheep":1,"minecraft:skeleton":1,"minecraft:zombie":2,"minecraft:stray":1,"minecraft:cow":3}},"DataVersion":3465}