{"stats":{"minecraft:mined":{"minecraft:brewing_stand":2,"minecraft:granite":1,"minecraft:grass_block":1,"minecraft:spruce_fence":1,"minecraft:spruce_leaves":7,"minecraft:hay_block":51,"minecraft:furnace":1,"minecraft:potatoes":1,"minecraft:oak_stairs":1,"minecraft:lantern":7,"minecraft:stone":43,"minecraft:smoker":1,"minecraft:dandelion":1,"minecraft:crafting_table":1,"minecraft:torch":2,"minecraft:blast_furnace":1,"minecraft:tall_grass":4,"minecraft:cobblestone":1,"minecraft:sugar_cane":6,"minecraft:wall_torch":4,"minecraft:purple_bed":1,"minecraft:spruce_log":6,"minecraft:yellow_bed":6,"sophisticatedbackpacks:netherite_backpack":1,"minecraft:grass":16,"minecraft:coal_ore":10,"minecraft:oak_log":4},"minecraft:crafted":{"minecraft:oak_planks":128,"minecraft:furnace":1,"minecraft:stone_pickaxe":1,"minecraft:stone_hoe":1,"minecraft:wheat":459,"minecraft:cooked_beef":6,"minecraft:crafting_table":1,"minecraft:wooden_pickaxe":1,"minecraft:stone_axe":1,"minecraft:bread":153,"minecraft:air":0,"minecraft:stick":20,"minecraft:wooden_axe":1,"minecraft:stone_sword":1},"minecraft:used":{"minecraft:stone_sword":57,"moa_decor_cookery:fcerezo":2,"minecraft:cherry_wood":2,"minecraft:crimson_fence":10,"pint_decorations:lampe":2,"minecraft:spruce_slab":55,"crittersandcompanions:ferret_spawn_egg":2,"pint_decorations:low_table_coffee":2,"minecraft:spruce_planks":5,"farmersdelight:stove":8,"minecraft:stripped_birch_wood":87,"minecraft:wooden_shovel":15,"minecraft:stone_hoe":61,"cfm:rock_path":5,"moa_decor_cookery:soporteinstrumentos":2,"minecraft:torch":4,"moa_decor_cookery:frascoazucar":1,"pint_decorations:paint_gray_men":3,"moa_decor_cookery:sarten":1,"minecraft:spruce_stairs":59,"sophisticatedbackpacks:netherite_backpack":1,"pint_decorations:low_table_candels":1,"minecraft:polished_blackstone_slab":9,"minecraft:glass":44,"pint_decorations:carpet_stripes":11,"minecraft:wooden_axe":2,"cfm:stripped_birch_mail_box":1,"pint_decorations:paint_stripes":6,"minecraft:mangrove_log":2,"minecraft:mangrove_stairs":1,"minecraft:lantern":9,"minecraft:grass_block":4,"minecraft:oak_stairs":4,"minecraft:stone_bricks":2,"minecraft:stripped_mangrove_log":1,"minecraft:furnace":1,"pint_decorations:paint_lines":4,"pint_decorations:plante":3,"pint_decorations:paint_lil_wall":4,"minecraft:potato":1,"minecraft:cooked_beef":6,"minecraft:cherry_fence":3,"minecraft:cherry_log":42,"pint_decorations:paint_landscape":4,"minecraft:dark_oak_stairs":1,"minecraft:water_bucket":4,"moa_decor_cookery:pan":1,"pint_decorations:sofa_right_side":1,"pint_decorations:paint_women":3,"minecraft:stripped_birch_log":2,"minecraft:stone_pickaxe":53,"minecraft:oak_planks":12,"minecraft:mangrove_planks":4,"pint_decorations:paint_blueberries":8,"minecraft:wooden_pickaxe":17,"minecraft:cherry_planks":198,"pint_decorations:sofa_center":2,"beautify:hanging_pot":4,"minecraft:horse_spawn_egg":3,"pint_decorations:hanging_lampe":2,"minecraft:polished_deepslate_slab":10,"minecraft:crafting_table":1,"cfm:oak_hedge":8,"moa_decor_cookery:sopahongos":1,"pint_decorations:sofa_left_side":3,"moa_decor_cookery:botelladevino":1,"pint_decorations:paint_building":3,"minecraft:wooden_hoe":1,"minecraft:acacia_stairs":1,"minecraft:cherry_door":2,"minecraft:birch_slab":76,"minecraft:bread":17,"minecraft:jungle_stairs":1,"minecraft:cat_spawn_egg":1,"minecraft:stone_axe":11,"minecraft:pink_bed":1,"moa_decor_cookery:litrodeleche":2,"minecraft:cobblestone":13,"minecraft:cherry_stairs":3,"minecraft:purple_bed":1,"minecraft:bucket":4,"minecraft:yellow_bed":4,"minecraft:stripped_cherry_log":27,"minecraft:birch_stairs":130},"minecraft:picked_up":{"minecraft:crafting_table":1,"minecraft:oak_stairs":1,"minecraft:brewing_stand":2,"minecraft:string":6,"minecraft:beef":6,"minecraft:sugar_cane":6,"sophisticatedbackpacks:netherite_backpack":1,"minecraft:furnace":1,"minecraft:tipped_arrow":1,"minecraft:stick":2,"minecraft:torch":6,"minecraft:spruce_fence":1,"minecraft:porkchop":1,"minecraft:rotten_flesh":2,"minecraft:hay_block":51,"minecraft:mutton":2,"minecraft:cobblestone":49,"minecraft:white_wool":1,"minecraft:leather":3,"minecraft:smoker":1,"minecraft:potato":4,"minecraft:oak_log":4,"minecraft:yellow_bed":6,"minecraft:dirt":1,"minecraft:lantern":8,"minecraft:bone":2,"minecraft:wheat_seeds":5,"camera:image":2,"minecraft:oak_planks":64,"minecraft:dandelion":1,"minecraft:spruce_sapling":1,"minecraft:blast_furnace":1,"minecraft:spruce_log":7,"minecraft:spider_eye":1,"minecraft:purple_bed":1,"minecraft:granite":1,"minecraft:horse_spawn_egg":1,"minecraft:coal":19,"minecraft:pink_dye":1},"minecraft:dropped":{"minecraft:bread":64,"minecraft:stick":2,"minecraft:paper":62,"minecraft:spruce_sapling":1,"minecraft:bone":2,"minecraft:stone_axe":1,"minecraft:pink_dye":2,"camera:image":4,"minecraft:oak_planks":126,"minecraft:salmon":9,"minecraft:poppy":1,"minecraft:tipped_arrow":1,"minecraft:yellow_bed":1,"camera:camera":1,"minecraft:spider_eye":1,"minecraft:horse_spawn_egg":3},"minecraft:custom":{"minecraft:mob_kills":17,"minecraft:interact_with_crafting_table":11,"minecraft:interact_with_campfire":1,"minecraft:time_since_death":95623,"minecraft:climb_one_cm":260,"minecraft:sprint_one_cm":215611,"minecraft:walk_one_cm":105122,"minecraft:drop":33,"minecraft:talked_to_villager":2,"minecraft:play_time":95623,"minecraft:sneak_time":4439,"minecraft:walk_under_water_one_cm":82,"minecraft:jump":1881,"minecraft:walk_on_water_one_cm":4744,"minecraft:total_world_time":95623,"minecraft:interact_with_furnace":5,"minecraft:sleep_in_bed":3,"minecraft:time_since_rest":84223,"minecraft:damage_taken":1280,"minecraft:damage_dealt":2729,"minecraft:fly_one_cm":730439,"minecraft:swim_one_cm":3465,"minecraft:open_chest":3,"minecraft:crouch_one_cm":10549,"minecraft:fall_one_cm":54770,"minecraft:horse_one_cm":92885},"minecraft:killed":{"minecraft:spider":4,"minecraft:skeleton":1,"minecraft:pig":1,"minecraft:zombie_villager":1,"minecraft:creeper":1,"minecraft:sheep":1,"minecraft:zombie":3,"minecraft:stray":1,"minecraft:cow":3}},"DataVersion":3465}